<?xml version="1.0" encoding="UTF-8"?>

<pedidos  xmlns:xs="http://www.w3.org/2001/XMLSchema-instance" xs:noNamespaceSchemaLocation="amado_cibreiro_andres_LM47_1.xsd">
    <pedido>
        <numeroPedido>123</numeroPedido>
        <nombreCliente>Juan Perez</nombreCliente>
        <mesaEntrega>2</mesaEntrega>
        <fecha>22/11/2024</fecha>
        <productos>
            <producto>
                <hamburguesa>
                    <nombre>Burguer-Kangreburguer</nombre>
                    <numero>1</numero>
                    <precio>19.99</precio>
                </hamburguesa>
            </producto>
            
            <producto>
                <complemento>
                    <nombre>Agua mineral</nombre>
                    <numero>2</numero>
                    <precio>2.49</precio>
                </complemento>
            </producto>
            
        </productos>
    </pedido>
</pedidos>